feedback_id,cstomer_id,product_id,rating,comment,date
1,81,140,4.2,Front-line 6th generation success,9/19/2025
2,263,50,0.39,Vision-oriented coherent application,1/5/2025
3,139,305,2.14,Networked dedicated help-desk,1/10/2025
4,23,52,4.05,Devolved static protocol,8/10/2025
5,389,55,3.62,Integrated multi-state project,1/11/2025
6,439,29,0.68,Universal fresh-thinking solution,9/3/2025
7,356,398,3.24,Fully-configurable clear-thinking orchestration,10/11/2025
8,226,264,2.4,Multi-lateral radical archive,4/20/2025
9,313,126,2.58,Versatile neutral throughput,4/29/2025
10,371,202,1.04,Robust object-oriented attitude,10/23/2025
11,13,427,3.88,Quality-focused non-volatile protocol,2/9/2025
12,235,33,4.54,Exclusive foreground conglomeration,5/30/2025
13,496,288,2.61,Grass-roots multimedia methodology,2/10/2025
14,367,166,1.14,Reverse-engineered exuding artificial intelligence,6/20/2025
15,233,206,4.22,Ergonomic bottom-line concept,8/21/2025
16,173,405,0.96,Ameliorated dedicated website,6/26/2025
17,215,469,3.27,Integrated regional workforce,9/29/2025
18,225,84,1.7,Up-sized didactic superstructure,2/13/2025
19,162,253,0.97,Diverse 6th generation internet solution,9/8/2025
20,94,68,1.87,Implemented holistic ability,5/24/2025
21,314,283,4.9,Networked transitional throughput,7/28/2025
22,183,44,2.41,Face to face uniform complexity,1/9/2025
23,196,125,2.84,Decentralized contextually-based challenge,1/23/2025
24,369,117,3.19,Multi-tiered incremental approach,2/27/2025
25,272,343,1.27,Multi-layered intermediate process improvement,4/10/2025
26,194,355,1.98,Sharable context-sensitive extranet,1/11/2025
27,433,74,1.67,Advanced systemic data-warehouse,4/25/2025
28,278,289,1.17,Programmable reciprocal moderator,2/26/2025
29,74,263,2.36,Front-line high-level contingency,9/26/2025
30,491,434,2.26,Multi-lateral non-volatile policy,2/3/2025
31,101,388,0.13,Horizontal upward-trending synergy,5/29/2025
32,348,199,1.31,Ameliorated eco-centric installation,9/5/2025
33,361,278,0.46,Operative 4th generation frame,5/11/2025
34,147,414,1.87,Persevering full-range model,6/5/2025
35,499,122,2.56,Reverse-engineered regional forecast,5/17/2025
36,168,267,3,Exclusive foreground secured line,7/10/2025
37,106,259,3.23,Intuitive modular functionalities,6/3/2025
38,116,114,2.64,Multi-channelled client-server task-force,8/1/2025
39,304,142,1.02,Monitored human-resource database,4/13/2025
40,273,75,2.25,Up-sized 6th generation help-desk,6/7/2025
41,424,215,3.21,Down-sized responsive migration,6/22/2025
42,460,128,0.66,Sharable directional hub,8/10/2025
43,454,141,0.74,Assimilated disintermediate hub,8/31/2025
44,486,407,2.12,Integrated static projection,10/20/2025
45,315,18,4.23,Virtual demand-driven circuit,4/14/2025
46,89,458,2.08,Networked zero defect product,5/24/2025
47,250,233,4.58,Right-sized tangible knowledge base,1/18/2025
48,100,219,3.15,Balanced directional local area network,3/18/2025
49,1,457,0.95,Face to face holistic ability,7/8/2025
50,229,99,0.78,Phased grid-enabled support,7/29/2025
51,276,289,2.38,Enhanced zero administration task-force,7/29/2025
52,184,384,4.6,Triple-buffered multi-tasking info-mediaries,6/15/2025
53,274,195,2.37,Switchable eco-centric implementation,9/26/2025
54,6,259,3.82,Universal system-worthy firmware,7/11/2025
55,380,481,1.89,Fundamental multi-tasking function,5/13/2025
56,130,447,1.47,Versatile fault-tolerant forecast,10/7/2025
57,480,498,0.2,Innovative context-sensitive alliance,3/7/2025
58,138,402,3.63,Diverse clear-thinking attitude,2/6/2025
59,467,259,1.7,Mandatory bandwidth-monitored artificial intelligence,9/22/2025
60,32,385,3.13,Exclusive fault-tolerant paradigm,9/25/2025
61,207,353,1.18,User-centric didactic product,7/24/2025
62,70,376,2.25,Extended client-server core,4/25/2025
63,332,229,0.88,Cross-platform reciprocal customer loyalty,9/3/2025
64,221,34,4.65,Progressive modular frame,3/7/2025
65,136,331,1.79,Polarised foreground local area network,6/25/2025
66,466,403,2.99,Integrated executive product,2/28/2025
67,157,403,4.51,Self-enabling full-range secured line,8/31/2025
68,465,212,3.82,Object-based bottom-line middleware,4/8/2025
69,72,325,5,Optimized needs-based circuit,4/17/2025
70,271,245,0.17,Ameliorated even-keeled extranet,10/23/2025
71,463,177,2.89,Profound demand-driven hardware,8/12/2025
72,456,221,0.74,Seamless zero administration process improvement,10/25/2025
73,435,459,1.71,Upgradable modular access,5/17/2025
74,122,81,3.04,Diverse asynchronous project,4/8/2025
75,306,106,4.53,Synergistic composite algorithm,5/31/2025
76,83,168,4.59,Innovative solution-oriented installation,5/23/2025
77,127,418,0.03,Multi-lateral encompassing array,3/8/2025
78,451,337,1.84,Re-engineered tertiary knowledge base,1/19/2025
79,406,271,2.15,Grass-roots maximized leverage,3/3/2025
80,481,426,3.84,Implemented value-added concept,6/1/2025
81,143,165,3.3,Synchronised non-volatile utilisation,6/25/2025
82,315,412,4.38,Compatible well-modulated budgetary management,4/17/2025
83,373,123,4.48,Re-contextualized client-driven array,3/25/2025
84,358,438,3.05,Proactive maximized function,9/25/2025
85,105,125,4.86,Persevering tertiary implementation,7/19/2025
86,447,63,2.7,Multi-layered reciprocal extranet,8/11/2025
87,19,141,2.54,Assimilated disintermediate software,3/8/2025
88,393,492,3.45,Re-contextualized uniform functionalities,9/28/2025
89,141,255,2.29,Secured reciprocal support,8/11/2025
90,219,283,2.37,Multi-layered encompassing superstructure,5/24/2025
91,83,399,1.01,Seamless eco-centric open system,7/5/2025
92,475,455,1.86,Reduced web-enabled functionalities,1/27/2025
93,23,248,0.24,Ergonomic next generation initiative,7/24/2025
94,222,305,4.31,Managed didactic interface,2/16/2025
95,439,151,0.16,Assimilated user-facing software,6/22/2025
96,356,474,1.38,Seamless disintermediate workforce,3/19/2025
97,277,499,0.9,Profit-focused fresh-thinking intranet,6/26/2025
98,441,379,1.1,Pre-emptive dedicated array,9/1/2025
99,353,159,3.91,Balanced coherent infrastructure,3/18/2025
100,421,38,4.47,Team-oriented multi-tasking portal,5/24/2025
